code,municipality,type
5001,MEDELLÍN,Municipio
5002,ABEJORRAL,Municipio
5004,ABRIAQUÍ,Municipio
5021,ALEJANDRÍA,Municipio
5030,AMAGÁ,Municipio
5031,AMALFI,Municipio
5034,ANDES,Municipio
5036,ANGELÓPOLIS,Municipio
5038,ANGOSTURA,Municipio
5040,ANORÍ,Municipio
5042,SANTA FÉ DE ANTIOQUIA,Municipio
5044,ANZÁ,Municipio
5045,APARTADÓ,Municipio
5051,ARBOLETES,Municipio
5055,ARGELIA,Municipio
5059,ARMENIA,Municipio
5079,BARBOSA,Municipio
5086,BELMIRA,Municipio
5088,BELLO,Municipio
5091,BETANIA,Municipio
5093,BETULIA,Municipio
5101,CIUDAD BOLÍVAR,Municipio
5107,BRICEÑO,Municipio
5113,BURITICÁ,Municipio
5120,CÁCERES,Municipio
5125,CAICEDO,Municipio
5129,CALDAS,Municipio
5134,CAMPAMENTO,Municipio
5138,CAÑASGORDAS,Municipio
5142,CARACOLÍ,Municipio
5145,CARAMANTA,Municipio
5147,CAREPA,Municipio
5148,EL CARMEN DE VIBORAL,Municipio
5150,CAROLINA,Municipio
5154,CAUCASIA,Municipio
5172,CHIGORODÓ,Municipio
5190,CISNEROS,Municipio
5197,COCORNÁ,Municipio
5206,CONCEPCIÓN,Municipio
5209,CONCORDIA,Municipio
5212,COPACABANA,Municipio
5234,DABEIBA,Municipio
5237,DONMATÍAS,Municipio
5240,EBÉJICO,Municipio
5250,EL BAGRE,Municipio
5264,ENTRERRÍOS,Municipio
5266,ENVIGADO,Municipio
5282,FREDONIA,Municipio
5284,FRONTINO,Municipio
5306,GIRALDO,Municipio
5308,GIRARDOTA,Municipio
5310,GÓMEZ PLATA,Municipio
5313,GRANADA,Municipio
5315,GUADALUPE,Municipio
5318,GUARNE,Municipio
5321,GUATAPÉ,Municipio
5347,HELICONIA,Municipio
5353,HISPANIA,Municipio
5360,ITAGÜÍ,Municipio
5361,ITUANGO,Municipio
5364,JARDÍN,Municipio
5368,JERICÓ,Municipio
5376,LA CEJA,Municipio
5380,LA ESTRELLA,Municipio
5390,LA PINTADA,Municipio
5400,LA UNIÓN,Municipio
5411,LIBORINA,Municipio
5425,MACEO,Municipio
5440,MARINILLA,Municipio
5467,MONTEBELLO,Municipio
5475,MURINDÓ,Municipio
5480,MUTATÁ,Municipio
5483,NARIÑO,Municipio
5490,NECOCLÍ,Municipio
5495,NECHÍ,Municipio
5501,OLAYA,Municipio
5541,PEÑOL,Municipio
5543,PEQUE,Municipio
5576,PUEBLORRICO,Municipio
5579,PUERTO BERRÍO,Municipio
5585,PUERTO NARE,Municipio
5591,PUERTO TRIUNFO,Municipio
5604,REMEDIOS,Municipio
5607,RETIRO,Municipio
5615,RIONEGRO,Municipio
5628,SABANALARGA,Municipio
5631,SABANETA,Municipio
5642,SALGAR,Municipio
5647,SAN ANDRÉS DE CUERQUÍA,Municipio
5649,SAN CARLOS,Municipio
5652,SAN FRANCISCO,Municipio
5656,SAN JERÓNIMO,Municipio
5658,SAN JOSÉ DE LA MONTAÑA,Municipio
5659,SAN JUAN DE URABÁ,Municipio
5660,SAN LUIS,Municipio
5664,SAN PEDRO DE LOS MILAGROS,Municipio
5665,SAN PEDRO DE URABÁ,Municipio
5667,SAN RAFAEL,Municipio
5670,SAN ROQUE,Municipio
5674,SAN VICENTE FERRER,Municipio
5679,SANTA BÁRBARA,Municipio
5686,SANTA ROSA DE OSOS,Municipio
5690,SANTO DOMINGO,Municipio
5697,EL SANTUARIO,Municipio
5736,SEGOVIA,Municipio
5756,SONSÓN,Municipio
5761,SOPETRÁN,Municipio
5789,TÁMESIS,Municipio
5790,TARAZÁ,Municipio
5792,TARSO,Municipio
5809,TITIRIBÍ,Municipio
5819,TOLEDO,Municipio
5837,TURBO,Municipio
5842,URAMITA,Municipio
5847,URRAO,Municipio
5854,VALDIVIA,Municipio
5856,VALPARAÍSO,Municipio
5858,VEGACHÍ,Municipio
5861,VENECIA,Municipio
5873,VIGÍA DEL FUERTE,Municipio
5885,YALÍ,Municipio
5887,YARUMAL,Municipio
5890,YOLOMBÓ,Municipio
5893,YONDÓ,Municipio
5895,ZARAGOZA,Municipio
8001,BARRANQUILLA,Municipio
8078,BARANOA,Municipio
8137,CAMPO DE LA CRUZ,Municipio
8141,CANDELARIA,Municipio
8296,GALAPA,Municipio
8372,JUAN DE ACOSTA,Municipio
8421,LURUACO,Municipio
8433,MALAMBO,Municipio
8436,MANATÍ,Municipio
8520,PALMAR DE VARELA,Municipio
8549,PIOJÓ,Municipio
8558,POLONUEVO,Municipio
8560,PONEDERA,Municipio
8573,PUERTO COLOMBIA,Municipio
8606,REPELÓN,Municipio
8634,SABANAGRANDE,Municipio
8638,SABANALARGA,Municipio
8675,SANTA LUCÍA,Municipio
8685,SANTO TOMÁS,Municipio
8758,SOLEDAD,Municipio
8770,SUAN,Municipio
8832,TUBARÁ,Municipio
8849,USIACURÍ,Municipio
11001,"BOGOTÁ, D.C.",Municipio
13001,CARTAGENA DE INDIAS,Municipio
13006,ACHÍ,Municipio
13030,ALTOS DEL ROSARIO,Municipio
13042,ARENAL,Municipio
13052,ARJONA,Municipio
13062,ARROYOHONDO,Municipio
13074,BARRANCO DE LOBA,Municipio
13140,CALAMAR,Municipio
13160,CANTAGALLO,Municipio
13188,CICUCO,Municipio
13212,CÓRDOBA,Municipio
13222,CLEMENCIA,Municipio
13244,EL CARMEN DE BOLÍVAR,Municipio
13248,EL GUAMO,Municipio
13268,EL PEÑÓN,Municipio
13300,HATILLO DE LOBA,Municipio
13430,MAGANGUÉ,Municipio
13433,MAHATES,Municipio
13440,MARGARITA,Municipio
13442,MARÍA LA BAJA,Municipio
13458,MONTECRISTO,Municipio
13468,MOMPÓS,Municipio
13473,MORALES,Municipio
13490,NOROSÍ,Municipio
13549,PINILLOS,Municipio
13580,REGIDOR,Municipio
13600,RÍO VIEJO,Municipio
13620,SAN CRISTÓBAL,Municipio
13647,SAN ESTANISLAO,Municipio
13650,SAN FERNANDO,Municipio
13654,SAN JACINTO,Municipio
13655,SAN JACINTO DEL CAUCA,Municipio
13657,SAN JUAN NEPOMUCENO,Municipio
13667,SAN MARTÍN DE LOBA,Municipio
13670,SAN PABLO,Municipio
13673,SANTA CATALINA,Municipio
13683,SANTA ROSA,Municipio
13688,SANTA ROSA DEL SUR,Municipio
13744,SIMITÍ,Municipio
13760,SOPLAVIENTO,Municipio
13780,TALAIGUA NUEVO,Municipio
13810,TIQUISIO,Municipio
13836,TURBACO,Municipio
13838,TURBANÁ,Municipio
13873,VILLANUEVA,Municipio
13894,ZAMBRANO,Municipio
15001,TUNJA,Municipio
15022,ALMEIDA,Municipio
15047,AQUITANIA,Municipio
15051,ARCABUCO,Municipio
15087,BELÉN,Municipio
15090,BERBEO,Municipio
15092,BETÉITIVA,Municipio
15097,BOAVITA,Municipio
15104,BOYACÁ,Municipio
15106,BRICEÑO,Municipio
15109,BUENAVISTA,Municipio
15114,BUSBANZÁ,Municipio
15131,CALDAS,Municipio
15135,CAMPOHERMOSO,Municipio
15162,CERINZA,Municipio
15172,CHINAVITA,Municipio
15176,CHIQUINQUIRÁ,Municipio
15180,CHISCAS,Municipio
15183,CHITA,Municipio
15185,CHITARAQUE,Municipio
15187,CHIVATÁ,Municipio
15189,CIÉNEGA,Municipio
15204,CÓMBITA,Municipio
15212,COPER,Municipio
15215,CORRALES,Municipio
15218,COVARACHÍA,Municipio
15223,CUBARÁ,Municipio
15224,CUCAITA,Municipio
15226,CUÍTIVA,Municipio
15232,CHÍQUIZA,Municipio
15236,CHIVOR,Municipio
15238,DUITAMA,Municipio
15244,EL COCUY,Municipio
15248,EL ESPINO,Municipio
15272,FIRAVITOBA,Municipio
15276,FLORESTA,Municipio
15293,GACHANTIVÁ,Municipio
15296,GÁMEZA,Municipio
15299,GARAGOA,Municipio
15317,GUACAMAYAS,Municipio
15322,GUATEQUE,Municipio
15325,GUAYATÁ,Municipio
15332,GÜICÁN DE LA SIERRA,Municipio
15362,IZA,Municipio
15367,JENESANO,Municipio
15368,JERICÓ,Municipio
15377,LABRANZAGRANDE,Municipio
15380,LA CAPILLA,Municipio
15401,LA VICTORIA,Municipio
15403,LA UVITA,Municipio
15407,VILLA DE LEYVA,Municipio
15425,MACANAL,Municipio
15442,MARIPÍ,Municipio
15455,MIRAFLORES,Municipio
15464,MONGUA,Municipio
15466,MONGUÍ,Municipio
15469,MONIQUIRÁ,Municipio
15476,MOTAVITA,Municipio
15480,MUZO,Municipio
15491,NOBSA,Municipio
15494,NUEVO COLÓN,Municipio
15500,OICATÁ,Municipio
15507,OTANCHE,Municipio
15511,PACHAVITA,Municipio
15514,PÁEZ,Municipio
15516,PAIPA,Municipio
15518,PAJARITO,Municipio
15522,PANQUEBA,Municipio
15531,PAUNA,Municipio
15533,PAYA,Municipio
15537,PAZ DE RÍO,Municipio
15542,PESCA,Municipio
15550,PISBA,Municipio
15572,PUERTO BOYACÁ,Municipio
15580,QUÍPAMA,Municipio
15599,RAMIRIQUÍ,Municipio
15600,RÁQUIRA,Municipio
15621,RONDÓN,Municipio
15632,SABOYÁ,Municipio
15638,SÁCHICA,Municipio
15646,SAMACÁ,Municipio
15660,SAN EDUARDO,Municipio
15664,SAN JOSÉ DE PARE,Municipio
15667,SAN LUIS DE GACENO,Municipio
15673,SAN MATEO,Municipio
15676,SAN MIGUEL DE SEMA,Municipio
15681,SAN PABLO DE BORBUR,Municipio
15686,SANTANA,Municipio
15690,SANTA MARÍA,Municipio
15693,SANTA ROSA DE VITERBO,Municipio
15696,SANTA SOFÍA,Municipio
15720,SATIVANORTE,Municipio
15723,SATIVASUR,Municipio
15740,SIACHOQUE,Municipio
15753,SOATÁ,Municipio
15755,SOCOTÁ,Municipio
15757,SOCHA,Municipio
15759,SOGAMOSO,Municipio
15761,SOMONDOCO,Municipio
15762,SORA,Municipio
15763,SOTAQUIRÁ,Municipio
15764,SORACÁ,Municipio
15774,SUSACÓN,Municipio
15776,SUTAMARCHÁN,Municipio
15778,SUTATENZA,Municipio
15790,TASCO,Municipio
15798,TENZA,Municipio
15804,TIBANÁ,Municipio
15806,TIBASOSA,Municipio
15808,TINJACÁ,Municipio
15810,TIPACOQUE,Municipio
15814,TOCA,Municipio
15816,TOGÜÍ,Municipio
15820,TÓPAGA,Municipio
15822,TOTA,Municipio
15832,TUNUNGUÁ,Municipio
15835,TURMEQUÉ,Municipio
15837,TUTA,Municipio
15839,TUTAZÁ,Municipio
15842,ÚMBITA,Municipio
15861,VENTAQUEMADA,Municipio
15879,VIRACACHÁ,Municipio
15897,ZETAQUIRA,Municipio
17001,MANIZALES,Municipio
17013,AGUADAS,Municipio
17042,ANSERMA,Municipio
17050,ARANZAZU,Municipio
17088,BELALCÁZAR,Municipio
17174,CHINCHINÁ,Municipio
17272,FILADELFIA,Municipio
17380,LA DORADA,Municipio
17388,LA MERCED,Municipio
17433,MANZANARES,Municipio
17442,MARMATO,Municipio
17444,MARQUETALIA,Municipio
17446,MARULANDA,Municipio
17486,NEIRA,Municipio
17495,NORCASIA,Municipio
17513,PÁCORA,Municipio
17524,PALESTINA,Municipio
17541,PENSILVANIA,Municipio
17614,RIOSUCIO,Municipio
17616,RISARALDA,Municipio
17653,SALAMINA,Municipio
17662,SAMANÁ,Municipio
17665,SAN JOSÉ,Municipio
17777,SUPÍA,Municipio
17867,VICTORIA,Municipio
17873,VILLAMARÍA,Municipio
17877,VITERBO,Municipio
18001,FLORENCIA,Municipio
18029,ALBANIA,Municipio
18094,BELÉN DE LOS ANDAQUÍES,Municipio
18150,CARTAGENA DEL CHAIRÁ,Municipio
18205,CURILLO,Municipio
18247,EL DONCELLO,Municipio
18256,EL PAUJÍL,Municipio
18410,LA MONTAÑITA,Municipio
18460,MILÁN,Municipio
18479,MORELIA,Municipio
18592,PUERTO RICO,Municipio
18610,SAN JOSÉ DEL FRAGUA,Municipio
18753,SAN VICENTE DEL CAGUÁN,Municipio
18756,SOLANO,Municipio
18785,SOLITA,Municipio
18860,VALPARAÍSO,Municipio
19001,POPAYÁN,Municipio
19022,ALMAGUER,Municipio
19050,ARGELIA,Municipio
19075,BALBOA,Municipio
19100,BOLÍVAR,Municipio
19110,BUENOS AIRES,Municipio
19130,CAJIBÍO,Municipio
19137,CALDONO,Municipio
19142,CALOTO,Municipio
19212,CORINTO,Municipio
19256,EL TAMBO,Municipio
19290,FLORENCIA,Municipio
19300,GUACHENÉ,Municipio
19318,GUAPÍ,Municipio
19355,INZÁ,Municipio
19364,JAMBALÓ,Municipio
19392,LA SIERRA,Municipio
19397,LA VEGA,Municipio
19418,LÓPEZ DE MICAY,Municipio
19450,MERCADERES,Municipio
19455,MIRANDA,Municipio
19473,MORALES,Municipio
19513,PADILLA,Municipio
19517,PÁEZ,Municipio
19532,PATÍA,Municipio
19533,PIAMONTE,Municipio
19548,PIENDAMÓ - TUNÍA,Municipio
19573,PUERTO TEJADA,Municipio
19585,PURACÉ,Municipio
19622,ROSAS,Municipio
19693,SAN SEBASTIÁN,Municipio
19698,SANTANDER DE QUILICHAO,Municipio
19701,SANTA ROSA,Municipio
19743,SILVIA,Municipio
19760,SOTARA,Municipio
19780,SUÁREZ,Municipio
19785,SUCRE,Municipio
19807,TIMBÍO,Municipio
19809,TIMBIQUÍ,Municipio
19821,TORIBÍO,Municipio
19824,TOTORÓ,Municipio
19845,VILLA RICA,Municipio
20001,VALLEDUPAR,Municipio
20011,AGUACHICA,Municipio
20013,AGUSTÍN CODAZZI,Municipio
20032,ASTREA,Municipio
20045,BECERRIL,Municipio
20060,BOSCONIA,Municipio
20175,CHIMICHAGUA,Municipio
20178,CHIRIGUANÁ,Municipio
20228,CURUMANÍ,Municipio
20238,EL COPEY,Municipio
20250,EL PASO,Municipio
20295,GAMARRA,Municipio
20310,GONZÁLEZ,Municipio
20383,LA GLORIA,Municipio
20400,LA JAGUA DE IBIRICO,Municipio
20443,MANAURE BALCÓN DEL CESAR,Municipio
20517,PAILITAS,Municipio
20550,PELAYA,Municipio
20570,PUEBLO BELLO,Municipio
20614,RÍO DE ORO,Municipio
20621,LA PAZ,Municipio
20710,SAN ALBERTO,Municipio
20750,SAN DIEGO,Municipio
20770,SAN MARTÍN,Municipio
20787,TAMALAMEQUE,Municipio
23001,MONTERÍA,Municipio
23068,AYAPEL,Municipio
23079,BUENAVISTA,Municipio
23090,CANALETE,Municipio
23162,CERETÉ,Municipio
23168,CHIMÁ,Municipio
23182,CHINÚ,Municipio
23189,CIÉNAGA DE ORO,Municipio
23300,COTORRA,Municipio
23350,LA APARTADA,Municipio
23417,LORICA,Municipio
23419,LOS CÓRDOBAS,Municipio
23464,MOMIL,Municipio
23466,MONTELÍBANO,Municipio
23500,MOÑITOS,Municipio
23555,PLANETA RICA,Municipio
23570,PUEBLO NUEVO,Municipio
23574,PUERTO ESCONDIDO,Municipio
23580,PUERTO LIBERTADOR,Municipio
23586,PURÍSIMA DE LA CONCEPCIÓN,Municipio
23660,SAHAGÚN,Municipio
23670,SAN ANDRÉS DE SOTAVENTO,Municipio
23672,SAN ANTERO,Municipio
23675,SAN BERNARDO DEL VIENTO,Municipio
23678,SAN CARLOS,Municipio
23682,SAN JOSÉ DE URÉ,Municipio
23686,SAN PELAYO,Municipio
23807,TIERRALTA,Municipio
23815,TUCHÍN,Municipio
23855,VALENCIA,Municipio
25001,AGUA DE DIOS,Municipio
25019,ALBÁN,Municipio
25035,ANAPOIMA,Municipio
25040,ANOLAIMA,Municipio
25053,ARBELÁEZ,Municipio
25086,BELTRÁN,Municipio
25095,BITUIMA,Municipio
25099,BOJACÁ,Municipio
25120,CABRERA,Municipio
25123,CACHIPAY,Municipio
25126,CAJICÁ,Municipio
25148,CAPARRAPÍ,Municipio
25151,CÁQUEZA,Municipio
25154,CARMEN DE CARUPA,Municipio
25168,CHAGUANÍ,Municipio
25175,CHÍA,Municipio
25178,CHIPAQUE,Municipio
25181,CHOACHÍ,Municipio
25183,CHOCONTÁ,Municipio
25200,COGUA,Municipio
25214,COTA,Municipio
25224,CUCUNUBÁ,Municipio
25245,EL COLEGIO,Municipio
25258,EL PEÑÓN,Municipio
25260,EL ROSAL,Municipio
25269,FACATATIVÁ,Municipio
25279,FÓMEQUE,Municipio
25281,FOSCA,Municipio
25286,FUNZA,Municipio
25288,FÚQUENE,Municipio
25290,FUSAGASUGÁ,Municipio
25293,GACHALÁ,Municipio
25295,GACHANCIPÁ,Municipio
25297,GACHETÁ,Municipio
25299,GAMA,Municipio
25307,GIRARDOT,Municipio
25312,GRANADA,Municipio
25317,GUACHETÁ,Municipio
25320,GUADUAS,Municipio
25322,GUASCA,Municipio
25324,GUATAQUÍ,Municipio
25326,GUATAVITA,Municipio
25328,GUAYABAL DE SÍQUIMA,Municipio
25335,GUAYABETAL,Municipio
25339,GUTIÉRREZ,Municipio
25368,JERUSALÉN,Municipio
25372,JUNÍN,Municipio
25377,LA CALERA,Municipio
25386,LA MESA,Municipio
25394,LA PALMA,Municipio
25398,LA PEÑA,Municipio
25402,LA VEGA,Municipio
25407,LENGUAZAQUE,Municipio
25426,MACHETÁ,Municipio
25430,MADRID,Municipio
25436,MANTA,Municipio
25438,MEDINA,Municipio
25473,MOSQUERA,Municipio
25483,NARIÑO,Municipio
25486,NEMOCÓN,Municipio
25488,NILO,Municipio
25489,NIMAIMA,Municipio
25491,NOCAIMA,Municipio
25506,VENECIA,Municipio
25513,PACHO,Municipio
25518,PAIME,Municipio
25524,PANDI,Municipio
25530,PARATEBUENO,Municipio
25535,PASCA,Municipio
25572,PUERTO SALGAR,Municipio
25580,PULÍ,Municipio
25592,QUEBRADANEGRA,Municipio
25594,QUETAME,Municipio
25596,QUIPILE,Municipio
25599,APULO,Municipio
25612,RICAURTE,Municipio
25645,SAN ANTONIO DEL TEQUENDAMA,Municipio
25649,SAN BERNARDO,Municipio
25653,SAN CAYETANO,Municipio
25658,SAN FRANCISCO,Municipio
25662,SAN JUAN DE RIOSECO,Municipio
25718,SASAIMA,Municipio
25736,SESQUILÉ,Municipio
25740,SIBATÉ,Municipio
25743,SILVANIA,Municipio
25745,SIMIJACA,Municipio
25754,SOACHA,Municipio
25758,SOPÓ,Municipio
25769,SUBACHOQUE,Municipio
25772,SUESCA,Municipio
25777,SUPATÁ,Municipio
25779,SUSA,Municipio
25781,SUTATAUSA,Municipio
25785,TABIO,Municipio
25793,TAUSA,Municipio
25797,TENA,Municipio
25799,TENJO,Municipio
25805,TIBACUY,Municipio
25807,TIBIRITA,Municipio
25815,TOCAIMA,Municipio
25817,TOCANCIPÁ,Municipio
25823,TOPAIPÍ,Municipio
25839,UBALÁ,Municipio
25841,UBAQUE,Municipio
25843,VILLA DE SAN DIEGO DE UBATÉ,Municipio
25845,UNE,Municipio
25851,ÚTICA,Municipio
25862,VERGARA,Municipio
25867,VIANÍ,Municipio
25871,VILLAGÓMEZ,Municipio
25873,VILLAPINZÓN,Municipio
25875,VILLETA,Municipio
25878,VIOTÁ,Municipio
25885,YACOPÍ,Municipio
25898,ZIPACÓN,Municipio
25899,ZIPAQUIRÁ,Municipio
27001,QUIBDÓ,Municipio
27006,ACANDÍ,Municipio
27025,ALTO BAUDÓ,Municipio
27050,ATRATO,Municipio
27073,BAGADÓ,Municipio
27075,BAHÍA SOLANO,Municipio
27077,BAJO BAUDÓ,Municipio
27086,Belén De Bajira,Municipio
27099,BOJAYÁ,Municipio
27135,EL CANTÓN DEL SAN PABLO,Municipio
27150,CARMEN DEL DARIÉN,Municipio
27160,CÉRTEGUI,Municipio
27205,CONDOTO,Municipio
27245,EL CARMEN DE ATRATO,Municipio
27250,EL LITORAL DEL SAN JUAN,Municipio
27361,ISTMINA,Municipio
27372,JURADÓ,Municipio
27413,LLORÓ,Municipio
27425,MEDIO ATRATO,Municipio
27430,MEDIO BAUDÓ,Municipio
27450,MEDIO SAN JUAN,Municipio
27491,NÓVITA,Municipio
27493,Nuevo Belén de Bajirá,Municipio
27495,NUQUÍ,Municipio
27580,RÍO IRÓ,Municipio
27600,RÍO QUITO,Municipio
27615,RIOSUCIO,Municipio
27660,SAN JOSÉ DEL PALMAR,Municipio
27745,SIPÍ,Municipio
27787,TADÓ,Municipio
27800,UNGUÍA,Municipio
27810,UNIÓN PANAMERICANA,Municipio
41001,NEIVA,Municipio
41006,ACEVEDO,Municipio
41013,AGRADO,Municipio
41016,AIPE,Municipio
41020,ALGECIRAS,Municipio
41026,ALTAMIRA,Municipio
41078,BARAYA,Municipio
41132,CAMPOALEGRE,Municipio
41206,COLOMBIA,Municipio
41244,ELÍAS,Municipio
41298,GARZÓN,Municipio
41306,GIGANTE,Municipio
41319,GUADALUPE,Municipio
41349,HOBO,Municipio
41357,ÍQUIRA,Municipio
41359,ISNOS,Municipio
41378,LA ARGENTINA,Municipio
41396,LA PLATA,Municipio
41483,NÁTAGA,Municipio
41503,OPORAPA,Municipio
41518,PAICOL,Municipio
41524,PALERMO,Municipio
41530,PALESTINA,Municipio
41548,PITAL,Municipio
41551,PITALITO,Municipio
41615,RIVERA,Municipio
41660,SALADOBLANCO,Municipio
41668,SAN AGUSTÍN,Municipio
41676,SANTA MARÍA,Municipio
41770,SUAZA,Municipio
41791,TARQUI,Municipio
41797,TESALIA,Municipio
41799,TELLO,Municipio
41801,TERUEL,Municipio
41807,TIMANÁ,Municipio
41872,VILLAVIEJA,Municipio
41885,YAGUARÁ,Municipio
44001,RIOHACHA,Municipio
44035,ALBANIA,Municipio
44078,BARRANCAS,Municipio
44090,DIBULLA,Municipio
44098,DISTRACCIÓN,Municipio
44110,EL MOLINO,Municipio
44279,FONSECA,Municipio
44378,HATONUEVO,Municipio
44420,LA JAGUA DEL PILAR,Municipio
44430,MAICAO,Municipio
44560,MANAURE,Municipio
44650,SAN JUAN DEL CESAR,Municipio
44847,URIBIA,Municipio
44855,URUMITA,Municipio
44874,VILLANUEVA,Municipio
47001,SANTA MARTA,Municipio
47030,ALGARROBO,Municipio
47053,ARACATACA,Municipio
47058,ARIGUANÍ,Municipio
47161,CERRO DE SAN ANTONIO,Municipio
47170,CHIVOLO,Municipio
47189,CIÉNAGA,Municipio
47205,CONCORDIA,Municipio
47245,EL BANCO,Municipio
47258,EL PIÑÓN,Municipio
47268,EL RETÉN,Municipio
47288,FUNDACIÓN,Municipio
47318,GUAMAL,Municipio
47460,NUEVA GRANADA,Municipio
47541,PEDRAZA,Municipio
47545,PIJIÑO DEL CARMEN,Municipio
47551,PIVIJAY,Municipio
47555,PLATO,Municipio
47570,PUEBLOVIEJO,Municipio
47605,REMOLINO,Municipio
47660,SABANAS DE SAN ÁNGEL,Municipio
47675,SALAMINA,Municipio
47692,SAN SEBASTIÁN DE BUENAVISTA,Municipio
47703,SAN ZENÓN,Municipio
47707,SANTA ANA,Municipio
47720,SANTA BÁRBARA DE PINTO,Municipio
47745,SITIONUEVO,Municipio
47798,TENERIFE,Municipio
47960,ZAPAYÁN,Municipio
47980,ZONA BANANERA,Municipio
50001,VILLAVICENCIO,Municipio
50006,ACACÍAS,Municipio
50110,BARRANCA DE UPÍA,Municipio
50124,CABUYARO,Municipio
50150,CASTILLA LA NUEVA,Municipio
50223,CUBARRAL,Municipio
50226,CUMARAL,Municipio
50245,EL CALVARIO,Municipio
50251,EL CASTILLO,Municipio
50270,EL DORADO,Municipio
50287,FUENTE DE ORO,Municipio
50313,GRANADA,Municipio
50318,GUAMAL,Municipio
50325,MAPIRIPÁN,Municipio
50330,MESETAS,Municipio
50350,LA MACARENA,Municipio
50370,URIBE,Municipio
50400,LEJANÍAS,Municipio
50450,PUERTO CONCORDIA,Municipio
50568,PUERTO GAITÁN,Municipio
50573,PUERTO LÓPEZ,Municipio
50577,PUERTO LLERAS,Municipio
50590,PUERTO RICO,Municipio
50606,RESTREPO,Municipio
50680,SAN CARLOS DE GUAROA,Municipio
50683,SAN JUAN DE ARAMA,Municipio
50686,SAN JUANITO,Municipio
50689,SAN MARTÍN,Municipio
50711,VISTAHERMOSA,Municipio
52001,PASTO,Municipio
52019,ALBÁN,Municipio
52022,ALDANA,Municipio
52036,ANCUYÁ,Municipio
52051,ARBOLEDA,Municipio
52079,BARBACOAS,Municipio
52083,BELÉN,Municipio
52110,BUESACO,Municipio
52203,COLÓN,Municipio
52207,CONSACÁ,Municipio
52210,CONTADERO,Municipio
52215,CÓRDOBA,Municipio
52224,CUASPÚD,Municipio
52227,CUMBAL,Municipio
52233,CUMBITARA,Municipio
52240,CHACHAGÜÍ,Municipio
52250,EL CHARCO,Municipio
52254,EL PEÑOL,Municipio
52256,EL ROSARIO,Municipio
52258,EL TABLÓN DE GÓMEZ,Municipio
52260,EL TAMBO,Municipio
52287,FUNES,Municipio
52317,GUACHUCAL,Municipio
52320,GUAITARILLA,Municipio
52323,GUALMATÁN,Municipio
52352,ILES,Municipio
52354,IMUÉS,Municipio
52356,IPIALES,Municipio
52378,LA CRUZ,Municipio
52381,LA FLORIDA,Municipio
52385,LA LLANADA,Municipio
52390,LA TOLA,Municipio
52399,LA UNIÓN,Municipio
52405,LEIVA,Municipio
52411,LINARES,Municipio
52418,LOS ANDES,Municipio
52427,MAGÜÍ,Municipio
52435,MALLAMA,Municipio
52473,MOSQUERA,Municipio
52480,NARIÑO,Municipio
52490,OLAYA HERRERA,Municipio
52506,OSPINA,Municipio
52520,FRANCISCO PIZARRO,Municipio
52540,POLICARPA,Municipio
52560,POTOSÍ,Municipio
52565,PROVIDENCIA,Municipio
52573,PUERRES,Municipio
52585,PUPIALES,Municipio
52612,RICAURTE,Municipio
52621,ROBERTO PAYÁN,Municipio
52678,SAMANIEGO,Municipio
52683,SANDONÁ,Municipio
52685,SAN BERNARDO,Municipio
52687,SAN LORENZO,Municipio
52693,SAN PABLO,Municipio
52694,SAN PEDRO DE CARTAGO,Municipio
52696,SANTA BÁRBARA,Municipio
52699,SANTACRUZ,Municipio
52720,SAPUYES,Municipio
52786,TAMINANGO,Municipio
52788,TANGUA,Municipio
52835,SAN ANDRÉS DE TUMACO,Municipio
52838,TÚQUERRES,Municipio
52885,YACUANQUER,Municipio
54001,SAN JOSÉ DE CÚCUTA,Municipio
54003,ÁBREGO,Municipio
54051,ARBOLEDAS,Municipio
54099,BOCHALEMA,Municipio
54109,BUCARASICA,Municipio
54125,CÁCOTA,Municipio
54128,CÁCHIRA,Municipio
54172,CHINÁCOTA,Municipio
54174,CHITAGÁ,Municipio
54206,CONVENCIÓN,Municipio
54223,CUCUTILLA,Municipio
54239,DURANIA,Municipio
54245,EL CARMEN,Municipio
54250,EL TARRA,Municipio
54261,EL ZULIA,Municipio
54313,GRAMALOTE,Municipio
54344,HACARÍ,Municipio
54347,HERRÁN,Municipio
54377,LABATECA,Municipio
54385,LA ESPERANZA,Municipio
54398,LA PLAYA,Municipio
54405,LOS PATIOS,Municipio
54418,LOURDES,Municipio
54480,MUTISCUA,Municipio
54498,OCAÑA,Municipio
54518,PAMPLONA,Municipio
54520,PAMPLONITA,Municipio
54553,PUERTO SANTANDER,Municipio
54599,RAGONVALIA,Municipio
54660,SALAZAR,Municipio
54670,SAN CALIXTO,Municipio
54673,SAN CAYETANO,Municipio
54680,SANTIAGO,Municipio
54720,SARDINATA,Municipio
54743,SILOS,Municipio
54800,TEORAMA,Municipio
54810,TIBÚ,Municipio
54820,TOLEDO,Municipio
54871,VILLA CARO,Municipio
54874,VILLA DEL ROSARIO,Municipio
63001,ARMENIA,Municipio
63111,BUENAVISTA,Municipio
63130,CALARCÁ,Municipio
63190,CIRCASIA,Municipio
63212,CÓRDOBA,Municipio
63272,FILANDIA,Municipio
63302,GÉNOVA,Municipio
63401,LA TEBAIDA,Municipio
63470,MONTENEGRO,Municipio
63548,PIJAO,Municipio
63594,QUIMBAYA,Municipio
63690,SALENTO,Municipio
66001,PEREIRA,Municipio
66045,APÍA,Municipio
66075,BALBOA,Municipio
66088,BELÉN DE UMBRÍA,Municipio
66170,DOSQUEBRADAS,Municipio
66318,GUÁTICA,Municipio
66383,LA CELIA,Municipio
66400,LA VIRGINIA,Municipio
66440,MARSELLA,Municipio
66456,MISTRATÓ,Municipio
66572,PUEBLO RICO,Municipio
66594,QUINCHÍA,Municipio
66682,SANTA ROSA DE CABAL,Municipio
66687,SANTUARIO,Municipio
68001,BUCARAMANGA,Municipio
68013,AGUADA,Municipio
68020,ALBANIA,Municipio
68051,ARATOCA,Municipio
68077,BARBOSA,Municipio
68079,BARICHARA,Municipio
68081,BARRANCABERMEJA,Municipio
68092,BETULIA,Municipio
68101,BOLÍVAR,Municipio
68121,CABRERA,Municipio
68132,CALIFORNIA,Municipio
68147,CAPITANEJO,Municipio
68152,CARCASÍ,Municipio
68160,CEPITÁ,Municipio
68162,CERRITO,Municipio
68167,CHARALÁ,Municipio
68169,CHARTA,Municipio
68176,CHIMA,Municipio
68179,CHIPATÁ,Municipio
68190,CIMITARRA,Municipio
68207,CONCEPCIÓN,Municipio
68209,CONFINES,Municipio
68211,CONTRATACIÓN,Municipio
68217,COROMORO,Municipio
68229,CURITÍ,Municipio
68235,EL CARMEN DE CHUCURÍ,Municipio
68245,EL GUACAMAYO,Municipio
68250,EL PEÑÓN,Municipio
68255,EL PLAYÓN,Municipio
68264,ENCINO,Municipio
68266,ENCISO,Municipio
68271,FLORIÁN,Municipio
68276,FLORIDABLANCA,Municipio
68296,GALÁN,Municipio
68298,GÁMBITA,Municipio
68307,GIRÓN,Municipio
68318,GUACA,Municipio
68320,GUADALUPE,Municipio
68322,GUAPOTÁ,Municipio
68324,GUAVATÁ,Municipio
68327,GÜEPSA,Municipio
68344,HATO,Municipio
68368,JESÚS MARÍA,Municipio
68370,JORDÁN,Municipio
68377,LA BELLEZA,Municipio
68385,LANDÁZURI,Municipio
68397,LA PAZ,Municipio
68406,LEBRIJA,Municipio
68418,LOS SANTOS,Municipio
68425,MACARAVITA,Municipio
68432,MÁLAGA,Municipio
68444,MATANZA,Municipio
68464,MOGOTES,Municipio
68468,MOLAGAVITA,Municipio
68498,OCAMONTE,Municipio
68500,OIBA,Municipio
68502,ONZAGA,Municipio
68522,PALMAR,Municipio
68524,PALMAS DEL SOCORRO,Municipio
68533,PÁRAMO,Municipio
68547,PIEDECUESTA,Municipio
68549,PINCHOTE,Municipio
68572,PUENTE NACIONAL,Municipio
68573,PUERTO PARRA,Municipio
68575,PUERTO WILCHES,Municipio
68615,RIONEGRO,Municipio
68655,SABANA DE TORRES,Municipio
68669,SAN ANDRÉS,Municipio
68673,SAN BENITO,Municipio
68679,SAN GIL,Municipio
68682,SAN JOAQUÍN,Municipio
68684,SAN JOSÉ DE MIRANDA,Municipio
68686,SAN MIGUEL,Municipio
68689,SAN VICENTE DE CHUCURÍ,Municipio
68705,SANTA BÁRBARA,Municipio
68720,SANTA HELENA DEL OPÓN,Municipio
68745,SIMACOTA,Municipio
68755,SOCORRO,Municipio
68770,SUAITA,Municipio
68773,SUCRE,Municipio
68780,SURATÁ,Municipio
68820,TONA,Municipio
68855,VALLE DE SAN JOSÉ,Municipio
68861,VÉLEZ,Municipio
68867,VETAS,Municipio
68872,VILLANUEVA,Municipio
68895,ZAPATOCA,Municipio
70001,SINCELEJO,Municipio
70110,BUENAVISTA,Municipio
70124,CAIMITO,Municipio
70204,COLOSÓ,Municipio
70215,COROZAL,Municipio
70221,COVEÑAS,Municipio
70230,CHALÁN,Municipio
70233,EL ROBLE,Municipio
70235,GALERAS,Municipio
70265,GUARANDA,Municipio
70400,LA UNIÓN,Municipio
70418,LOS PALMITOS,Municipio
70429,MAJAGUAL,Municipio
70473,MORROA,Municipio
70508,OVEJAS,Municipio
70523,PALMITO,Municipio
70670,SAMPUÉS,Municipio
70678,SAN BENITO ABAD,Municipio
70702,SAN JUAN DE BETULIA,Municipio
70708,SAN MARCOS,Municipio
70713,SAN ONOFRE,Municipio
70717,SAN PEDRO,Municipio
70742,SAN LUIS DE SINCÉ,Municipio
70771,SUCRE,Municipio
70820,SANTIAGO DE TOLÚ,Municipio
70823,TOLÚ VIEJO,Municipio
73001,IBAGUÉ,Municipio
73024,ALPUJARRA,Municipio
73026,ALVARADO,Municipio
73030,AMBALEMA,Municipio
73043,ANZOÁTEGUI,Municipio
73055,ARMERO,Municipio
73067,ATACO,Municipio
73124,CAJAMARCA,Municipio
73148,CARMEN DE APICALÁ,Municipio
73152,CASABIANCA,Municipio
73168,CHAPARRAL,Municipio
73200,COELLO,Municipio
73217,COYAIMA,Municipio
73226,CUNDAY,Municipio
73236,DOLORES,Municipio
73268,ESPINAL,Municipio
73270,FALAN,Municipio
73275,FLANDES,Municipio
73283,FRESNO,Municipio
73319,GUAMO,Municipio
73347,HERVEO,Municipio
73349,HONDA,Municipio
73352,ICONONZO,Municipio
73408,LÉRIDA,Municipio
73411,LÍBANO,Municipio
73443,SAN SEBASTIÁN DE MARIQUITA,Municipio
73449,MELGAR,Municipio
73461,MURILLO,Municipio
73483,NATAGAIMA,Municipio
73504,ORTEGA,Municipio
73520,PALOCABILDO,Municipio
73547,PIEDRAS,Municipio
73555,PLANADAS,Municipio
73563,PRADO,Municipio
73585,PURIFICACIÓN,Municipio
73616,RIOBLANCO,Municipio
73622,RONCESVALLES,Municipio
73624,ROVIRA,Municipio
73671,SALDAÑA,Municipio
73675,SAN ANTONIO,Municipio
73678,SAN LUIS,Municipio
73686,SANTA ISABEL,Municipio
73770,SUÁREZ,Municipio
73854,VALLE DE SAN JUAN,Municipio
73861,VENADILLO,Municipio
73870,VILLAHERMOSA,Municipio
73873,VILLARRICA,Municipio
76001,CALI,Municipio
76020,ALCALÁ,Municipio
76036,ANDALUCÍA,Municipio
76041,ANSERMANUEVO,Municipio
76054,ARGELIA,Municipio
76100,BOLÍVAR,Municipio
76109,BUENAVENTURA,Municipio
76111,GUADALAJARA DE BUGA,Municipio
76113,BUGALAGRANDE,Municipio
76122,CAICEDONIA,Municipio
76126,CALIMA,Municipio
76130,CANDELARIA,Municipio
76147,CARTAGO,Municipio
76233,DAGUA,Municipio
76243,EL ÁGUILA,Municipio
76246,EL CAIRO,Municipio
76248,EL CERRITO,Municipio
76250,EL DOVIO,Municipio
76275,FLORIDA,Municipio
76306,GINEBRA,Municipio
76318,GUACARÍ,Municipio
76364,JAMUNDÍ,Municipio
76377,LA CUMBRE,Municipio
76400,LA UNIÓN,Municipio
76403,LA VICTORIA,Municipio
76497,OBANDO,Municipio
76520,PALMIRA,Municipio
76563,PRADERA,Municipio
76606,RESTREPO,Municipio
76616,RIOFRÍO,Municipio
76622,ROLDANILLO,Municipio
76670,SAN PEDRO,Municipio
76736,SEVILLA,Municipio
76823,TORO,Municipio
76828,TRUJILLO,Municipio
76834,TULUÁ,Municipio
76845,ULLOA,Municipio
76863,VERSALLES,Municipio
76869,VIJES,Municipio
76890,YOTOCO,Municipio
76892,YUMBO,Municipio
76895,ZARZAL,Municipio
81001,ARAUCA,Municipio
81065,ARAUQUITA,Municipio
81220,CRAVO NORTE,Municipio
81300,FORTUL,Municipio
81591,PUERTO RONDÓN,Municipio
81736,SARAVENA,Municipio
81794,TAME,Municipio
85001,YOPAL,Municipio
85010,AGUAZUL,Municipio
85015,CHÁMEZA,Municipio
85125,HATO COROZAL,Municipio
85136,LA SALINA,Municipio
85139,MANÍ,Municipio
85162,MONTERREY,Municipio
85225,NUNCHÍA,Municipio
85230,OROCUÉ,Municipio
85250,PAZ DE ARIPORO,Municipio
85263,PORE,Municipio
85279,RECETOR,Municipio
85300,SABANALARGA,Municipio
85315,SÁCAMA,Municipio
85325,SAN LUIS DE PALENQUE,Municipio
85400,TÁMARA,Municipio
85410,TAURAMENA,Municipio
85430,TRINIDAD,Municipio
85440,VILLANUEVA,Municipio
86001,MOCOA,Municipio
86219,COLÓN,Municipio
86320,ORITO,Municipio
86568,PUERTO ASÍS,Municipio
86569,PUERTO CAICEDO,Municipio
86571,PUERTO GUZMÁN,Municipio
86573,PUERTO LEGUÍZAMO,Municipio
86749,SIBUNDOY,Municipio
86755,SAN FRANCISCO,Municipio
86757,SAN MIGUEL,Municipio
86760,SANTIAGO,Municipio
86865,VALLE DEL GUAMUEZ,Municipio
86885,VILLAGARZÓN,Municipio
88001,SAN ANDRÉS,Municipio
88564,PROVIDENCIA,Municipio
91001,LETICIA,Municipio
91263,EL ENCANTO,Municipio
91405,LA CHORRERA,Municipio
91407,LA PEDRERA,Municipio
91430,LA VICTORIA,Municipio
91460,MIRITÍ - PARANÁ,Municipio
91530,PUERTO ALEGRÍA,Municipio
91536,PUERTO ARICA,Municipio
91540,PUERTO NARIÑO,Municipio
91669,PUERTO SANTANDER,Municipio
91798,TARAPACÁ,Municipio
94001,INÍRIDA,Municipio
94343,BARRANCO MINAS,Municipio
94663,MAPIRIPANA,Municipio
94883,SAN FELIPE,Municipio
94884,PUERTO COLOMBIA,Municipio
94885,LA GUADALUPE,Municipio
94886,CACAHUAL,Municipio
94887,PANA PANA,Municipio
94888,MORICHAL,Municipio
95001,SAN JOSÉ DEL GUAVIARE,Municipio
95015,CALAMAR,Municipio
95025,EL RETORNO,Municipio
95200,MIRAFLORES,Municipio
97001,MITÚ,Municipio
97161,CARURÚ,Municipio
97511,PACOA,Municipio
97666,TARAIRA,Municipio
97777,PAPUNAHUA,Municipio
97889,YAVARATÉ,Municipio
99001,PUERTO CARREÑO,Municipio
99524,LA PRIMAVERA,Municipio
99624,SANTA ROSALÍA,Municipio
99773,CUMARIBO,Municipio